{
  "project_info": {
    "project_number": "384349770976",
    "project_id": "userloginauth-11ed6",
    "storage_bucket": "userloginauth-11ed6.firebasestorage.app"
  },
  "client": [
    {
      "client_info": {
        "mobilesdk_app_id": "1:384349770976:android:983b272eccc235da9bac85",
        "android_client_info": {
          "package_name": "com.example.assignment"
        }
      },
      "oauth_client": [],
      "api_key": [
        {
          "current_key": "AIzaSyDA1fM0Po6Lq5RISN5bR_is95_3nT51ZAU"
        }
      ],
      "services": {
        "appinvite_service": {
          "other_platform_oauth_client": []
        }
      }
    }
  ],
  "configuration_version": "1"
}